<?xml version="1.0" encoding="UTF-8"?>
<configuration>
    <include resource="org/springframework/boot/logging/logback/defaults.xml" />
    <include resource="org/springframework/boot/logging/logback/console-appender.xml" />
    <include resource="org/springframework/boot/logging/logback/file-appender.xml" />

    <springProperty scope="context" name="loggingfilefullpath" source="logging.file" />

    <if condition='isDefined("GELF_HOST")'>
        <then>
            <appender name="GRAYLOG" class="com.github.pukkaone.gelf.logback.GelfAppender">
                <graylogHost>${GELF_HOST}</graylogHost>
                <graylogPort>${GELF_PORT:12201}</graylogPort>
            </appender>
        </then>
    </if>

    <root level="INFO">
        <appender-ref ref="CONSOLE" />
        <if condition='isDefined("GELF_HOST")'>
            <then>
                <appender-ref ref="GRAYLOG"/>
            </then>
        </if>
        <if condition='isDefined("loggingfilefullpath")'>
            <then>
                <appender-ref ref="FILE"/>
            </then>
        </if>
    </root>

</configuration>